{"count":1,"self":4283.901952,"total":7615.0836167,"children":{"InitializeActuators":{"count":12,"self":0.0029908,"total":0.0029908,"children":null},"InitializeSensors":{"count":12,"self":0.0010102,"total":0.0010102,"children":null},"AgentSendState":{"count":1253184,"self":55.854431999999996,"total":155.5243017,"children":{"CollectObservations":{"count":3007644,"self":23.489548799999998,"total":23.4895496,"children":null},"CollectDiscreteActionMasks":{"count":3007644,"self":6.1286663999999993,"total":6.1286663999999993,"children":null},"RequestDecision":{"count":3007644,"self":30.181651199999997,"total":70.051653399999992,"children":{"AgentInfo.ToProto":{"count":3007644,"self":15.837632,"total":39.8700025,"children":{"GenerateSensorData":{"count":3007644,"self":24.0323696,"total":24.0323702,"children":null}}}}}}},"DecideAction":{"count":1253184,"self":2926.9372928,"total":2926.937308,"children":null},"AgentAct":{"count":1253184,"self":246.89904639999997,"total":246.89904529999998,"children":null},"AgentInfo.ToProto":{"count":69556,"self":0.76293729999999993,"total":1.8159281999999999,"children":{"GenerateSensorData":{"count":69556,"self":1.0529909,"total":1.0529909,"children":null}}}},"gauges":{"RobotAgent.CumulativeReward":{"count":69556,"max":1137.79517,"min":-5230.383,"runningAverage":6.98716545,"value":1.47300172,"weightedAverage":37.8357735}},"metadata":{"timer_format_version":"0.1.0","start_time_seconds":"1619636911","unity_version":"2019.4.9f1","command_line_arguments":"C:\\Program Files\\Unity\\Hub\\Editor\\2019.4.9f1\\Editor\\Unity.exe -projectpath D:\/Unity_ML_RL\/Unity_Robot_RL -useHub -hubIPC -cloudEnvironment production -hubSessionId 212c3370-a6ad-11eb-9b5c-6bfc3d77f26a -accessToken RxJW3sA2TYnjco8WF4akcWNuHSxE5nHAOf7xjx1M5fE012f","communication_protocol_version":"1.2.0","com.unity.ml-agents_version":"1.6.0-preview","scene_name":"Drinking_PPO","end_time_seconds":"1619644526"}}