{"count":1,"self":522.220288,"total":1813.2552936,"children":{"InitializeActuators":{"count":12,"self":0.0029817999999999997,"total":0.0029817999999999997,"children":null},"InitializeSensors":{"count":12,"self":0,"total":0,"children":null},"AgentSendState":{"count":416751,"self":14.9808928,"total":43.0623035,"children":{"CollectObservations":{"count":1000212,"self":4.1363243999999995,"total":4.1363243,"children":null},"CollectDiscreteActionMasks":{"count":1000212,"self":1.9681263999999998,"total":1.9681263999999998,"children":null},"RequestDecision":{"count":1000212,"self":9.9876624,"total":21.9769595,"children":{"AgentInfo.ToProto":{"count":1000212,"self":5.2209764,"total":11.989296699999999,"children":{"GenerateSensorData":{"count":1000212,"self":6.76832,"total":6.7683203999999995,"children":null}}}}}}},"DecideAction":{"count":416751,"self":1193.3471743999999,"total":1193.347159,"children":null},"AgentAct":{"count":416751,"self":48.8536832,"total":54.612006799999996,"children":{"AgentInfo.ToProto":{"count":348340,"self":2.5714821999999997,"total":5.7583239,"children":{"GenerateSensorData":{"count":348340,"self":3.1868415999999997,"total":3.1868417,"children":null}}}}},"AgentInfo.ToProto":{"count":301,"self":0.0075528999999999995,"total":0.0095512,"children":{"GenerateSensorData":{"count":301,"self":0.0019982999999999997,"total":0.0019982999999999997,"children":null}}}},"gauges":{"HumanHeadAction.CumulativeReward":{"count":348641,"max":2,"min":-2,"runningAverage":-1.79467535,"value":-2,"weightedAverage":-1.99317682}},"metadata":{"timer_format_version":"0.1.0","start_time_seconds":"1619534109","unity_version":"2019.4.9f1","command_line_arguments":"C:\\Program Files\\Unity\\Hub\\Editor\\2019.4.9f1\\Editor\\Unity.exe -projectpath D:\/Unity_ML_RL\/Unity_Robot_RL -useHub -hubIPC -cloudEnvironment production -hubSessionId 212c3370-a6ad-11eb-9b5c-6bfc3d77f26a -accessToken RxJW3sA2TYnjco8WF4akcWNuHSxE5nHAOf7xjx1M5fE012f","communication_protocol_version":"1.2.0","com.unity.ml-agents_version":"1.6.0-preview","scene_name":"HumanAction","end_time_seconds":"1619535922"}}