{"count":1,"self":163.3143936,"total":511.43449549999997,"children":{"InitializeActuators":{"count":12,"self":0.00099739999999999985,"total":0.00099739999999999985,"children":null},"InitializeSensors":{"count":12,"self":0.00099739999999999985,"total":0.00099739999999999985,"children":null},"AgentSendState":{"count":208467,"self":7.9961135999999993,"total":23.9439143,"children":{"CollectObservations":{"count":500328,"self":3.1170047999999997,"total":3.1170047999999997,"children":null},"CollectDiscreteActionMasks":{"count":500328,"self":1.3901419,"total":1.3901419,"children":null},"RequestDecision":{"count":500328,"self":4.7621736,"total":11.440654199999999,"children":{"AgentInfo.ToProto":{"count":500328,"self":3.2917956,"total":6.6784805999999994,"children":{"GenerateSensorData":{"count":500328,"self":3.3866852,"total":3.3866851,"children":null}}}}}}},"DecideAction":{"count":208467,"self":299.1121152,"total":299.1121028,"children":null},"AgentAct":{"count":208467,"self":24.068616,"total":24.0686163,"children":null},"AgentInfo.ToProto":{"count":53265,"self":0.5132206,"total":0.99247869999999994,"children":{"GenerateSensorData":{"count":53265,"self":0.47925809999999996,"total":0.47925809999999996,"children":null}}}},"gauges":{"RobotFeedAgent.CumulativeReward":{"count":53265,"max":105.521584,"min":-42.0666161,"runningAverage":7.20424271,"value":28.7935276,"weightedAverage":20.0161228}},"metadata":{"timer_format_version":"0.1.0","start_time_seconds":"1624292825","unity_version":"2019.4.9f1","command_line_arguments":"C:\\Program Files\\Unity\\Hub\\Editor\\2019.4.9f1\\Editor\\Unity.exe -projectpath C:\/Users\/zohreh\/Desktop\/Unity_RL_LookAtFace -useHub -hubIPC -cloudEnvironment production -hubSessionId b9785f40-d237-11eb-995b-791c0cece4e6 -accessToken yjgK8ZM3UP1rGZsby8WIxQLjY621JxJSsbWgqlbhjWI002f","communication_protocol_version":"1.2.0","com.unity.ml-agents_version":"1.6.0-preview","scene_name":"Robot_Feeding_train","end_time_seconds":"1624293336"}}