{
    "name": "root",
    "gauges": {
        "RobotFeedAgent.Policy.Entropy.mean": {
            "value": 0.2970242500305176,
            "min": 0.2970242500305176,
            "max": 1.386880874633789,
            "count": 60
        },
        "RobotFeedAgent.Policy.Entropy.sum": {
            "value": 14987.84375,
            "min": 14886.0458984375,
            "max": 69549.3046875,
            "count": 60
        },
        "RobotFeedAgent.Environment.EpisodeLength.mean": {
            "value": 121.00740740740741,
            "min": 4.8431807566557685,
            "max": 131.56720430107526,
            "count": 60
        },
        "RobotFeedAgent.Environment.EpisodeLength.sum": {
            "value": 49008.0,
            "min": 41477.0,
            "max": 51063.0,
            "count": 60
        },
        "RobotFeedAgent.Policy.ExtrinsicValueEstimate.mean": {
            "value": 19.122299194335938,
            "min": 0.8204691410064697,
            "max": 20.323020935058594,
            "count": 60
        },
        "RobotFeedAgent.Policy.ExtrinsicValueEstimate.sum": {
            "value": 11798.458984375,
            "min": 3784.1630859375,
            "max": 12694.064453125,
            "count": 60
        },
        "RobotFeedAgent.Environment.CumulativeReward.mean": {
            "value": 77.93264339004287,
            "min": 2.791887321607655,
            "max": 81.0864009987943,
            "count": 60
        },
        "RobotFeedAgent.Environment.CumulativeReward.sum": {
            "value": 31328.92264279723,
            "min": 18652.884138599038,
            "max": 34505.704839468,
            "count": 60
        },
        "RobotFeedAgent.Policy.ExtrinsicReward.mean": {
            "value": 77.93264339004287,
            "min": 2.791887321607655,
            "max": 81.0864009987943,
            "count": 60
        },
        "RobotFeedAgent.Policy.ExtrinsicReward.sum": {
            "value": 31328.92264279723,
            "min": 18652.884138599038,
            "max": 34505.704839468,
            "count": 60
        },
        "RobotFeedAgent.Losses.PolicyLoss.mean": {
            "value": 0.04756952177071071,
            "min": 0.04281658173187455,
            "max": 0.0512644362361642,
            "count": 60
        },
        "RobotFeedAgent.Losses.PolicyLoss.sum": {
            "value": 0.9513904354142142,
            "min": 0.8135150529056165,
            "max": 0.995976926543517,
            "count": 60
        },
        "RobotFeedAgent.Losses.ValueLoss.mean": {
            "value": 91.59077559153238,
            "min": 17.360328696903427,
            "max": 101.84157474584747,
            "count": 60
        },
        "RobotFeedAgent.Losses.ValueLoss.sum": {
            "value": 1831.8155118306477,
            "min": 329.8462452411651,
            "max": 1934.9899201711019,
            "count": 60
        },
        "RobotFeedAgent.Policy.LearningRate.mean": {
            "value": 2.5128391624200037e-06,
            "min": 2.5128391624200037e-06,
            "max": 0.00029742496401624033,
            "count": 60
        },
        "RobotFeedAgent.Policy.LearningRate.sum": {
            "value": 5.025678324840007e-05,
            "min": 5.025678324840007e-05,
            "max": 0.005749915983361367,
            "count": 60
        },
        "RobotFeedAgent.Policy.Epsilon.mean": {
            "value": 0.10083758000000002,
            "min": 0.10083758000000002,
            "max": 0.1991416543859649,
            "count": 60
        },
        "RobotFeedAgent.Policy.Epsilon.sum": {
            "value": 2.0167516000000005,
            "min": 1.9482677333333336,
            "max": 3.9166386333333336,
            "count": 60
        },
        "RobotFeedAgent.Policy.Beta.mean": {
            "value": 5.1795242000000064e-05,
            "min": 5.1795242000000064e-05,
            "max": 0.004957168553859648,
            "count": 60
        },
        "RobotFeedAgent.Policy.Beta.sum": {
            "value": 0.0010359048400000012,
            "min": 0.0010359048400000012,
            "max": 0.09584026780333334,
            "count": 60
        },
        "RobotFeedAgent.IsTraining.mean": {
            "value": 1.0,
            "min": 1.0,
            "max": 1.0,
            "count": 60
        },
        "RobotFeedAgent.IsTraining.sum": {
            "value": 1.0,
            "min": 1.0,
            "max": 1.0,
            "count": 60
        }
    },
    "metadata": {
        "timer_format_version": "0.1.0",
        "start_time_seconds": "1624245274",
        "python_version": "3.7.9 (tags/v3.7.9:13c94747c7, Aug 17 2020, 18:58:18) [MSC v.1900 64 bit (AMD64)]",
        "command_line_arguments": "D:\\venv_robotagent\\Scripts\\mlagents-learn .\\config\\robotfeed_ppo.yaml --run-id=robotfeedppo1",
        "mlagents_version": "0.25.0",
        "mlagents_envs_version": "0.25.0",
        "communication_protocol_version": "1.5.0",
        "pytorch_version": "1.7.1+cu110",
        "numpy_version": "1.20.2",
        "end_time_seconds": "1624247928"
    },
    "total": 2653.6509816,
    "count": 1,
    "self": 0.010885699999562348,
    "children": {
        "run_training.setup": {
            "total": 0.35367250000000006,
            "count": 1,
            "self": 0.35367250000000006
        },
        "TrainerController.start_learning": {
            "total": 2653.2864234000003,
            "count": 1,
            "self": 5.54534409998314,
            "children": {
                "TrainerController._reset_env": {
                    "total": 6.4232844,
                    "count": 1,
                    "self": 6.4232844
                },
                "TrainerController.advance": {
                    "total": 2641.260697500017,
                    "count": 296503,
                    "self": 2.9394718000362445,
                    "children": {
                        "env_step": {
                            "total": 2638.321225699981,
                            "count": 296503,
                            "self": 2048.9162529998066,
                            "children": {
                                "SubprocessEnvManager._take_step": {
                                    "total": 586.5654220001011,
                                    "count": 296503,
                                    "self": 11.727535300062073,
                                    "children": {
                                        "TorchPolicy.evaluate": {
                                            "total": 574.837886700039,
                                            "count": 250085,
                                            "self": 243.76925490007955,
                                            "children": {
                                                "TorchPolicy.sample_actions": {
                                                    "total": 331.06863179995946,
                                                    "count": 250085,
                                                    "self": 331.06863179995946
                                                }
                                            }
                                        }
                                    }
                                },
                                "workers": {
                                    "total": 2.8395507000733,
                                    "count": 296503,
                                    "self": 0.0,
                                    "children": {
                                        "worker_root": {
                                            "total": 2643.100022400088,
                                            "count": 296503,
                                            "is_parallel": true,
                                            "self": 1017.2587549999932,