{"cameraMode":{"drawMode":0,"name":"Shaded","section":"Shading Mode"},"sceneLighting":true,"audioPlay":false,"sceneViewState":{"showFog":true,"showMaterialUpdate":false,"showSkybox":true,"showFlares":true,"showImageEffects":true,"showParticleSystems":true},"in2DMode":false,"pivot":{"x":0.00368557870388031,"y":1.2046096324920655,"z":0.40623968839645388},"rotation":{"x":0.11308883875608444,"y":0.8795393705368042,"z":-0.2605513036251068,"w":0.38175246119499209},"size":0.20292285084724427,"orthographic":true}